0.000000000000000000e+00,0.000000000000000000e+00,4.100461301896463247e-03,3.075345976422347652e-03,5.125576627370578842e-03,1.793951819579702595e-02,7.175807278318810378e-02,2.670425422860071563e-01,3.716043054843670146e-01,1.973347001537673062e-01,5.433111225012814127e-02,6.150691952844695304e-03,1.537672988211173826e-03,0.000000000000000000e+00,0.000000000000000000e+00,0.000000000000000000e+00,3.587903639159405449e-03,8.713480266529984725e-03,1.230138390568939061e-02,1.588928754484879649e-02,1.640184520758585299e-02,4.715530497180932951e-02,4.484879548949256556e-01,3.941568426447975559e-01,4.202972834443875066e-02,9.738595592004101187e-03,1.537672988211173826e-03,0.000000000000000000e+00,0.000000000000000000e+00,0.000000000000000000e+00,0.000000000000000000e+00,7.175807278318810899e-03,1.537672988211173826e-02,2.152742183495643183e-02,2.203997949769349179e-02,1.947719118400820237e-02,4.971809328549461893e-02,5.545873910814966834e-01,2.644797539723218738e-01,2.972834443874936006e-02,1.383905689390056357e-02,2.050230650948231623e-03,0.000000000000000000e+00,0.000000000000000000e+00,0.000000000000000000e+00,0.000000000000000000e+00,8.713480266529984725e-03,2.306509482316760479e-02,3.177857508969759298e-02,2.716555612506407064e-02,2.665299846232701067e-02,5.330599692465402134e-02,6.135315222962582915e-01,1.588928754484879580e-01,3.639159405433111533e-02,1.742696053305996945e-02,3.075345976422347652e-03,0.000000000000000000e+00,0.000000000000000000e+00,0.000000000000000000e+00,0.000000000000000000e+00,1.281394156842644884e-02,3.126601742696053648e-02,3.792926704254228482e-02,3.229113275243464948e-02,3.434136340338288240e-02,5.638134290107637420e-02,6.135315222962582915e-01,1.143003587903639179e-01,3.895438236801640475e-02,2.306509482316760479e-02,5.125576627370578842e-03,0.000000000000000000e+00,0.000000000000000000e+00,0.000000000000000000e+00,0.000000000000000000e+00,2.101486417221937533e-02,3.792926704254228482e-02,4.049205535622757424e-02,3.741670937980522832e-02,3.997949769349051774e-02,6.304459251665812947e-02,5.899538698103536927e-01,9.021014864172219316e-02,4.407995899538698359e-02,2.819067145053818710e-02,7.688364941055869130e-03,0.000000000000000000e+00,0.000000000000000000e+00,0.000000000000000000e+00
0.000000000000000000e+00,1.363016810540663331e-03,1.363016810540663331e-03,1.590186278964107053e-02,1.862789641072239849e-02,4.861426624261699220e-02,1.035892776010904071e-01,2.648796001817355639e-01,2.816901408450704358e-01,1.849159472966833140e-01,5.633802816901408578e-02,1.726487960018173451e-02,4.089050431621990209e-03,1.363016810540663331e-03,0.000000000000000000e+00,0.000000000000000000e+00,1.408450704225352144e-02,3.861880963198546096e-02,6.179009541117673476e-02,1.953657428441617563e-02,1.408450704225352144e-02,6.497046796910495303e-02,3.848250795093139387e-01,3.284870513402998737e-01,5.134029986369832016e-02,1.862789641072239849e-02,3.634711494775102070e-03,0.000000000000000000e+00,0.000000000000000000e+00,0.000000000000000000e+00,1.817355747387551035e-03,4.588823262153566424e-02,6.406179009541117242e-02,2.771467514766015605e-02,1.862789641072239849e-02,1.726487960018173451e-02,5.224897773739209383e-02,4.838709677419354982e-01,2.303498409813720949e-01,4.270786006360745291e-02,1.408450704225352144e-02,1.363016810540663331e-03,0.000000000000000000e+00,0.000000000000000000e+00,0.000000000000000000e+00,8.632439800090867255e-03,9.041344843253067143e-02,2.816901408450704289e-02,2.726033621081326574e-02,2.589731940027260176e-02,2.271694684234439043e-02,5.224897773739209383e-02,5.324852339845524973e-01,1.535665606542480632e-01,3.816447069513857066e-02,1.862789641072239849e-02,1.817355747387551035e-03,0.000000000000000000e+00,0.000000000000000000e+00,0.000000000000000000e+00,1.499318491594729685e-02,8.541572012721490581e-02,3.907314856883235127e-02,3.134938664243525769e-02,3.044070876874148054e-02,3.089504770558836738e-02,6.315311222171740568e-02,5.293048614266242513e-01,1.126760563380281716e-01,3.498409813721035932e-02,2.317128577919127727e-02,4.543389368468877913e-03,0.000000000000000000e+00,0.000000000000000000e+00,0.000000000000000000e+00,2.544298046342571493e-02,8.087233075874603050e-02,4.270786006360745291e-02,3.725579282144479698e-02,3.407542026351658565e-02,4.407087687414811689e-02,6.042707860063607772e-02,5.143116765106769961e-01,8.768741481144934347e-02,3.543843707405724963e-02,3.044070876874148054e-02,7.269422989550204141e-03,0.000000000000000000e+00,0.000000000000000000e+00,0.000000000000000000e+00
0.000000000000000000e+00,9.541984732824427108e-04,2.862595419847328241e-03,4.770992366412213880e-03,7.156488549618320386e-03,2.719465648854961851e-02,8.015267175572518554e-02,2.729007633587786086e-01,3.053435114503816883e-01,2.199427480916030520e-01,6.250000000000000000e-02,1.145038167938931296e-02,3.339694656488549542e-03,1.431297709923664120e-03,0.000000000000000000e+00,0.000000000000000000e+00,3.339694656488549542e-03,4.293893129770992578e-03,1.145038167938931296e-02,1.431297709923664077e-02,1.956106870229007769e-02,7.442748091603053340e-02,4.193702290076335992e-01,3.812022900763358813e-01,5.629770992366411875e-02,1.288167938931297773e-02,2.862595419847328241e-03,0.000000000000000000e+00,0.000000000000000000e+00,0.000000000000000000e+00,0.000000000000000000e+00,2.385496183206106940e-03,1.049618320610687036e-02,2.242366412213740376e-02,2.051526717557251855e-02,1.717557251908397031e-02,6.345419847328244434e-02,5.300572519083969203e-01,2.824427480916030797e-01,3.673664122137404453e-02,1.192748091603053513e-02,2.385496183206106940e-03,0.000000000000000000e+00,0.000000000000000000e+00,0.000000000000000000e+00,0.000000000000000000e+00,3.816793893129770843e-03,1.956106870229007769e-02,2.910305343511450371e-02,2.194656488549618159e-02,2.624045801526717417e-02,6.011450381679389610e-02,5.920801526717557328e-01,1.908396946564885621e-01,3.816793893129771104e-02,1.526717557251908337e-02,2.862595419847328241e-03,0.000000000000000000e+00,0.000000000000000000e+00,0.000000000000000000e+00,0.000000000000000000e+00,6.202290076335877783e-03,3.148854961832060761e-02,3.005725190839694805e-02,2.814885496183205937e-02,3.005725190839694805e-02,6.488549618320610390e-02,5.963740458015267532e-01,1.502862595419847402e-01,3.769083969465648887e-02,1.765267175572519248e-02,7.156488549618320386e-03,0.000000000000000000e+00,0.000000000000000000e+00,0.000000000000000000e+00,0.000000000000000000e+00,1.335877862595419817e-02,3.578244274809160019e-02,3.625954198473282236e-02,3.148854961832060761e-02,3.435114503816794063e-02,6.774809160305343692e-02,5.963740458015267532e-01,1.083015267175572588e-01,4.007633587786259277e-02,2.719465648854961851e-02,9.064885496183205590e-03,0.000000000000000000e+00,0.000000000000000000e+00,0.000000000000000000e+00
0.000000000000000000e+00,0.000000000000000000e+00,1.491795126802585763e-03,4.972650422675285731e-03,9.945300845350571461e-03,2.436598707110890216e-02,6.961710591745400023e-02,2.650422675285927232e-01,3.495773247140726014e-01,2.242665340626553983e-01,4.574838388861263150e-02,3.480855295872700185e-03,1.491795126802585763e-03,0.000000000000000000e+00,0.000000000000000000e+00,0.000000000000000000e+00,6.464445549477871276e-03,2.983590253605171525e-03,1.143709597215315787e-02,1.292889109895574255e-02,1.491795126802585719e-02,6.514172053704624099e-02,4.425658876181004509e-01,3.838886126305320889e-01,4.972650422675285731e-02,9.448035803083043235e-03,4.972650422675285514e-04,0.000000000000000000e+00,0.000000000000000000e+00,0.000000000000000000e+00,1.989060169070114206e-03,2.983590253605171525e-03,9.945300845350571461e-03,1.889607160616608647e-02,1.989060169070114292e-02,2.187966185977125930e-02,5.121829935355544372e-02,5.559423172550970182e-01,2.720039781203381635e-01,3.331675783192441370e-02,1.044256588761809969e-02,1.491795126802585763e-03,0.000000000000000000e+00,0.000000000000000000e+00,0.000000000000000000e+00,0.000000000000000000e+00,1.989060169070114206e-03,1.889607160616608647e-02,2.784684236698160148e-02,2.834410740924913144e-02,2.486325211337642865e-02,5.121829935355544372e-02,6.006961710591744996e-01,1.909497762307309776e-01,3.928393833913475935e-02,1.243162605668821433e-02,3.480855295872700185e-03,0.000000000000000000e+00,0.000000000000000000e+00,0.000000000000000000e+00,0.000000000000000000e+00,1.491795126802585763e-03,2.734957732471407152e-02,3.679761312779711302e-02,3.132769766285430080e-02,3.281949278965688721e-02,5.867727498756837579e-02,6.091496767777224708e-01,1.377424167081054140e-01,4.177026355047239875e-02,1.591248135256091364e-02,6.961710591745400370e-03,0.000000000000000000e+00,0.000000000000000000e+00,0.000000000000000000e+00,0.000000000000000000e+00,8.950770760815515009e-03,3.182496270512182729e-02,4.177026355047239875e-02,3.530581800099453355e-02,3.978120338140228585e-02,6.066633515663848869e-02,5.997016409746395160e-01,1.029338637493784209e-01,4.525111884634510501e-02,2.337145698657384224e-02,1.044256588761809969e-02,0.000000000000000000e+00,0.000000000000000000e+00,0.000000000000000000e+00
0.000000000000000000e+00,2.020202020202020200e-03,1.515151515151515150e-03,4.040404040404040401e-03,1.060606060606060670e-02,2.121212121212121340e-02,7.323232323232323204e-02,2.722222222222221988e-01,3.444444444444444420e-01,2.227272727272727182e-01,3.787878787878787984e-02,9.090909090909090468e-03,1.010101010101010100e-03,0.000000000000000000e+00,0.000000000000000000e+00,0.000000000000000000e+00,6.565656565656565434e-03,7.070707070707071135e-03,1.161616161616161637e-02,1.717171717171717127e-02,2.020202020202020374e-02,6.565656565656566301e-02,4.227272727272727293e-01,3.873737373737373701e-01,4.444444444444444614e-02,1.262626262626262603e-02,4.545454545454545234e-03,0.000000000000000000e+00,0.000000000000000000e+00,0.000000000000000000e+00,1.515151515151515150e-03,7.575757575757575968e-03,1.212121212121212120e-02,2.323232323232323274e-02,2.070707070707070857e-02,1.969696969696969543e-02,6.262626262626262708e-02,5.308080808080808399e-01,2.737373737373737237e-01,3.080808080808080870e-02,1.363636363636363570e-02,3.535353535353535567e-03,0.000000000000000000e+00,0.000000000000000000e+00,0.000000000000000000e+00,1.515151515151515150e-03,7.575757575757575968e-03,2.020202020202020374e-02,3.232323232323232320e-02,2.424242424242424240e-02,2.626262626262626174e-02,6.868686868686868507e-02,5.696969696969697017e-01,1.934343434343434309e-01,3.686868686868687017e-02,1.363636363636363570e-02,5.050505050505050934e-03,5.050505050505050501e-04,0.000000000000000000e+00,0.000000000000000000e+00,0.000000000000000000e+00,1.010101010101010187e-02,3.030303030303030387e-02,3.636363636363636187e-02,3.282828282828283151e-02,3.787878787878787984e-02,7.424242424242424865e-02,5.641414141414141659e-01,1.469696969696969724e-01,4.040404040404040747e-02,1.616161616161616160e-02,1.010101010101010187e-02,5.050505050505050501e-04,0.000000000000000000e+00,0.000000000000000000e+00,0.000000000000000000e+00,1.262626262626262603e-02,4.141414141414141714e-02,4.141414141414141714e-02,4.292929292929292817e-02,3.939393939393939087e-02,7.979797979797979834e-02,5.555555555555555802e-01,1.055555555555555552e-01,4.292929292929292817e-02,2.474747474747474724e-02,1.212121212121212120e-02,1.515151515151515150e-03,0.000000000000000000e+00,0.000000000000000000e+00
0.000000000000000000e+00,1.523616048755713649e-03,2.539360081259522603e-03,2.539360081259522603e-03,6.602336211274758421e-03,2.234636871508379960e-02,4.977145759268664094e-02,2.859319451498222309e-01,3.915693245302183656e-01,2.036566785170137173e-01,3.098019299136617680e-02,2.031488065007617909e-03,5.078720162519044772e-04,0.000000000000000000e+00,0.000000000000000000e+00,1.015744032503808954e-03,4.570848146267140512e-03,8.633824276282377197e-03,1.269680040629761301e-02,1.472828847130523179e-02,1.625190452006094327e-02,3.961401726764855052e-02,4.570848146267140755e-01,4.123920771965464693e-01,2.285424073133570169e-02,9.649568308786186585e-03,5.078720162519044772e-04,0.000000000000000000e+00,0.000000000000000000e+00,0.000000000000000000e+00,2.539360081259522603e-03,6.094464195022854594e-03,1.422041645505332623e-02,2.285424073133570169e-02,1.929913661757237317e-02,1.828339258506856205e-02,4.266124936515997695e-02,5.815134586084306223e-01,2.503809040121889318e-01,2.996444895886236567e-02,1.117318435754189980e-02,1.015744032503808954e-03,0.000000000000000000e+00,0.000000000000000000e+00,0.000000000000000000e+00,2.031488065007617909e-03,6.094464195022854594e-03,2.640934484509903368e-02,2.844083291010665246e-02,2.539360081259522603e-02,2.742508887760284481e-02,4.316912138141188598e-02,6.282376841036059201e-01,1.559167089893346847e-01,3.961401726764855052e-02,1.574403250380904118e-02,1.523616048755713649e-03,0.000000000000000000e+00,0.000000000000000000e+00,0.000000000000000000e+00,0.000000000000000000e+00,1.015744032503809041e-02,3.504316912138141088e-02,3.555104113763331297e-02,3.199593702386998445e-02,3.301168105637379557e-02,5.332656170644997640e-02,6.185881157948197595e-01,1.168105637379380363e-01,3.961401726764855052e-02,2.285424073133570169e-02,3.047232097511427297e-03,0.000000000000000000e+00,0.000000000000000000e+00,0.000000000000000000e+00,0.000000000000000000e+00,1.472828847130523179e-02,4.266124936515997695e-02,4.012188928390045956e-02,3.656678517013712409e-02,4.113763331640426374e-02,5.535804977145759170e-02,6.048755713560183267e-01,8.836973082783138034e-02,4.164550533265617277e-02,2.691721686135093924e-02,7.618080243778567809e-03,0.000000000000000000e+00,0.000000000000000000e+00,0.000000000000000000e+00
0.000000000000000000e+00,4.378283712784588472e-04,2.626970227670753083e-03,7.880910683012259249e-03,9.194395796847635791e-03,2.408056042031523486e-02,7.793345008756567827e-02,2.823992994746059582e-01,3.401926444833625052e-01,2.088441330998248580e-01,3.984238178633975336e-02,4.378283712784588472e-03,2.189141856392294236e-03,0.000000000000000000e+00,0.000000000000000000e+00,0.000000000000000000e+00,4.378283712784588472e-04,1.619964973730297561e-02,3.152364273204903700e-02,8.537653239929947346e-02,1.707530647985989330e-02,5.823117338003502841e-02,3.774080560420315367e-01,3.699649737302977415e-01,3.239929947460595122e-02,7.880910683012259249e-03,3.502626970227670777e-03,0.000000000000000000e+00,0.000000000000000000e+00,0.000000000000000000e+00,0.000000000000000000e+00,2.189141856392294236e-03,6.654991243432574477e-02,6.348511383537652764e-02,2.101576182136602466e-02,2.232924693520139947e-02,5.341506129597197589e-02,4.864273204903677983e-01,2.451838879159369544e-01,2.232924693520139947e-02,1.532399299474605965e-02,1.751313485113835389e-03,0.000000000000000000e+00,0.000000000000000000e+00,0.000000000000000000e+00,0.000000000000000000e+00,3.021015761821365872e-02,9.281961471103326866e-02,2.670753064798598794e-02,2.145359019264448178e-02,2.802101576182136622e-02,5.647985989492119302e-02,5.420315236427319938e-01,1.492994746059544686e-01,3.196147110332749758e-02,1.795096322241681100e-02,3.064798598949211930e-03,0.000000000000000000e+00,0.000000000000000000e+00,0.000000000000000000e+00,0.000000000000000000e+00,9.894921190893170293e-02,3.239929947460595122e-02,3.327495621716287239e-02,2.670753064798598794e-02,3.327495621716287239e-02,6.129597197898423860e-02,5.424693520140104752e-01,1.090192644483362477e-01,3.677758318739054316e-02,2.057793345008756408e-02,5.253940455341506166e-03,0.000000000000000000e+00,0.000000000000000000e+00,0.000000000000000000e+00,0.000000000000000000e+00,1.037653239929947485e-01,3.765323992994745739e-02,3.721541155866900374e-02,3.327495621716287239e-02,4.071803852889667452e-02,6.042031523642731744e-02,5.323992994746059582e-01,8.143607705779334904e-02,3.852889667250437855e-02,2.539404553415061314e-02,9.194395796847635791e-03,0.000000000000000000e+00,0.000000000000000000e+00,0.000000000000000000e+00
0.000000000000000000e+00,2.173913043478260896e-03,1.086956521739130448e-03,3.260869565217391127e-03,6.521739130434782254e-03,3.152173913043478104e-02,7.010869565217391075e-02,2.744565217391304324e-01,3.478260869565217295e-01,1.891304347826086862e-01,6.032608695652173780e-02,1.086956521739130405e-02,2.717391304347826012e-03,0.000000000000000000e+00,0.000000000000000000e+00,1.086956521739130448e-03,5.978260869565217572e-03,7.065217391304347803e-03,1.956521739130434936e-02,2.391304347826087029e-02,2.336956521739130474e-02,6.413043478260870012e-02,4.434782608695652106e-01,3.282608695652173836e-01,5.923913043478260670e-02,1.521739130434782671e-02,5.434782608695652023e-03,3.260869565217391127e-03,0.000000000000000000e+00,0.000000000000000000e+00,3.260869565217391127e-03,1.032608695652173850e-02,1.141304347826086960e-02,3.206521739130435006e-02,2.934782608695652231e-02,2.934782608695652231e-02,5.217391304347825803e-02,5.048913043478261420e-01,2.554347826086956763e-01,4.347826086956521618e-02,2.173913043478260809e-02,4.347826086956521792e-03,2.173913043478260896e-03,0.000000000000000000e+00,0.000000000000000000e+00,5.434782608695652023e-03,1.086956521739130405e-02,1.684782608695652162e-02,3.967391304347826081e-02,4.021739130434782289e-02,3.478260869565217434e-02,5.434782608695652023e-02,5.179347826086956319e-01,1.891304347826086862e-01,5.597826086956522035e-02,2.717391304347826012e-02,5.978260869565217572e-03,1.630434782608695564e-03,0.000000000000000000e+00,0.000000000000000000e+00,7.065217391304347803e-03,5.978260869565217572e-03,3.206521739130435006e-02,4.836956521739130266e-02,4.510869565217391630e-02,4.021739130434782289e-02,6.467391304347826220e-02,4.989130434782608758e-01,1.532608695652173947e-01,5.706521739130434451e-02,3.967391304347826081e-02,5.978260869565217572e-03,1.630434782608695564e-03,0.000000000000000000e+00,0.000000000000000000e+00,2.717391304347826012e-03,6.521739130434782254e-03,4.347826086956521618e-02,5.706521739130434451e-02,5.326086956521738913e-02,4.565217391304347838e-02,6.902173913043478659e-02,4.777173913043478160e-01,1.206521739130434756e-01,6.358695652173912416e-02,5.054347826086956486e-02,9.239130434782609133e-03,5.434782608695652240e-04,0.000000000000000000e+00,0.000000000000000000e+00
0.000000000000000000e+00,4.887585532746823065e-04,4.887585532746823065e-03,4.398826979472141192e-03,1.124144672531769348e-02,3.665689149560117516e-02,1.055718475073313817e-01,2.453567937438905222e-01,3.054740957966764481e-01,1.940371456500488700e-01,6.940371456500488145e-02,1.759530791788856477e-02,3.421309872922776146e-03,1.466275659824046920e-03,0.000000000000000000e+00,0.000000000000000000e+00,4.398826979472141192e-03,1.124144672531769348e-02,3.470185728250244073e-02,2.052785923753665601e-02,2.541544477028348167e-02,8.211143695014662403e-02,3.841642228739002851e-01,3.416422287390029067e-01,6.989247311827956333e-02,1.808406647116324664e-02,6.842619745845552291e-03,9.775171065493646130e-04,0.000000000000000000e+00,0.000000000000000000e+00,0.000000000000000000e+00,1.319648093841642271e-02,2.639296187683284542e-02,3.030303030303030387e-02,3.274682306940371324e-02,2.443792766373411446e-02,7.429130009775171406e-02,4.662756598240468953e-01,2.468230694037145678e-01,6.158357771260997149e-02,1.661779081133919755e-02,5.865102639296187678e-03,1.466275659824046920e-03,0.000000000000000000e+00,0.000000000000000000e+00,4.398826979472141192e-03,1.710654936461387943e-02,2.492668621700879633e-02,4.349951124144672832e-02,3.616813294232649328e-02,3.470185728250244073e-02,7.526881720430107781e-02,4.775171065493646338e-01,2.018572825024437800e-01,5.327468230694037271e-02,2.346041055718475071e-02,6.353861192570870418e-03,1.466275659824046920e-03,0.000000000000000000e+00,0.000000000000000000e+00,1.026392961876832800e-02,9.775171065493646130e-03,4.056695992179863014e-02,4.643206256109481955e-02,4.447702834799609206e-02,3.910068426197458452e-02,7.331378299120235031e-02,4.731182795698924970e-01,1.681329423264907030e-01,5.083088954056696335e-02,3.323558162267839511e-02,1.026392961876832800e-02,4.887585532746823065e-04,0.000000000000000000e+00,0.000000000000000000e+00,7.331378299120235031e-03,1.075268817204301161e-02,5.327468230694037271e-02,5.425219941348973646e-02,4.496578690127077393e-02,4.545454545454545581e-02,7.917888563049853279e-02,4.535679374389051666e-01,1.402737047898338085e-01,5.571847507331378208e-02,4.301075268817204644e-02,1.173020527859237536e-02,4.887585532746823065e-04,0.000000000000000000e+00,0.000000000000000000e+00
0.000000000000000000e+00,0.000000000000000000e+00,4.940711462450592551e-04,3.952569169960474041e-03,7.905138339920948082e-03,3.359683794466403195e-02,9.733201581027667304e-02,2.766798418972332141e-01,3.260869565217391353e-01,1.966403162055335996e-01,4.249011857707509637e-02,1.284584980237154193e-02,1.976284584980237020e-03,0.000000000000000000e+00,0.000000000000000000e+00,0.000000000000000000e+00,2.470355731225296492e-03,8.893280632411067893e-03,5.484189723320158361e-02,2.025691699604743184e-02,2.322134387351778781e-02,5.632411067193675985e-02,4.234189723320158083e-01,3.409090909090908839e-01,4.940711462450592811e-02,1.531620553359683799e-02,4.940711462450592985e-03,0.000000000000000000e+00,0.000000000000000000e+00,0.000000000000000000e+00,0.000000000000000000e+00,1.284584980237154193e-02,4.594861660079051224e-02,2.569169960474308387e-02,2.618577075098814377e-02,3.013833992094861608e-02,5.434782608695652023e-02,4.980237154150197743e-01,2.361660079051383365e-01,4.940711462450592811e-02,1.679841897233201597e-02,4.446640316205533947e-03,0.000000000000000000e+00,0.000000000000000000e+00,0.000000000000000000e+00,2.470355731225296492e-03,4.249011857707509637e-02,1.828063241106719222e-02,3.853754940711462407e-02,3.507905138339920820e-02,3.656126482213438444e-02,6.027667984189723216e-02,5.034584980237154506e-01,1.837944664031620490e-01,5.286561264822134398e-02,2.124505928853754819e-02,4.940711462450592985e-03,0.000000000000000000e+00,0.000000000000000000e+00,0.000000000000000000e+00,1.333992094861660010e-02,2.865612648221343983e-02,3.211462450592885570e-02,4.150197628458498350e-02,4.743083003952568849e-02,4.397233201581027956e-02,6.126482213438735197e-02,4.970355731225296614e-01,1.417984189723320021e-01,5.138339920948616774e-02,3.458498023715415176e-02,6.916996047430830005e-03,0.000000000000000000e+00,0.000000000000000000e+00,0.000000000000000000e+00,2.371541501976284425e-02,1.531620553359683799e-02,4.347826086956521618e-02,5.237154150197628755e-02,5.385375494071146379e-02,4.693675889328063205e-02,6.768774703557312034e-02,4.703557312252964473e-01,1.190711462450592950e-01,5.286561264822134398e-02,4.644268774703557562e-02,7.905138339920948082e-03,0.000000000000000000e+00,0.000000000000000000e+00,0.000000000000000000e+00
0.000000000000000000e+00,0.000000000000000000e+00,0.000000000000000000e+00,0.000000000000000000e+00,3.297609233305853326e-03,1.401483924154987674e-02,7.254740313272876884e-02,2.860676009892827443e-01,3.635614179719703354e-01,2.143446001648804666e-01,3.792250618301731130e-02,7.419620774938170092e-03,8.244023083264633315e-04,0.000000000000000000e+00,0.000000000000000000e+00,0.000000000000000000e+00,0.000000000000000000e+00,0.000000000000000000e+00,0.000000000000000000e+00,8.244023083264632665e-03,1.731244847485572877e-02,1.401483924154987570e-01,4.196207749381698493e-01,3.256389117889529894e-01,6.183017312448475106e-02,1.154163231657048642e-02,1.236603462489694986e-02,3.297609233305853326e-03,0.000000000000000000e+00,0.000000000000000000e+00,0.000000000000000000e+00,0.000000000000000000e+00,0.000000000000000000e+00,0.000000000000000000e+00,7.419620774938170092e-03,1.483924154987634018e-02,1.599340478153338796e-01,5.201978565539983057e-01,2.242374278647980279e-01,3.050288540807914381e-02,1.483924154987634018e-02,1.566364385820280189e-02,1.236603462489694986e-02,0.000000000000000000e+00,0.000000000000000000e+00,0.000000000000000000e+00,0.000000000000000000e+00,0.000000000000000000e+00,0.000000000000000000e+00,4.946413849958779772e-03,2.061005770816158253e-02,1.978565539983511978e-01,5.408079142621599056e-01,1.483924154987633914e-01,2.225886232481450941e-02,2.473206924979389973e-02,1.731244847485572877e-02,1.896125309150865565e-02,4.122011541632316332e-03,0.000000000000000000e+00,0.000000000000000000e+00,0.000000000000000000e+00,0.000000000000000000e+00,0.000000000000000000e+00,4.946413849958779772e-03,2.473206924979389973e-02,2.481450948062654538e-01,5.259686727122836469e-01,8.491343775762572044e-02,3.132728771640560378e-02,2.473206924979389973e-02,1.978565539983511909e-02,2.802967848309975349e-02,7.419620774938170092e-03,0.000000000000000000e+00,0.000000000000000000e+00,0.000000000000000000e+00,0.000000000000000000e+00,0.000000000000000000e+00,4.946413849958779772e-03,3.297609233305853066e-02,2.802967848309975141e-01,5.061830173124485244e-01,4.863973619126133602e-02,3.215169002473206722e-02,2.720527617477329005e-02,2.308326463314097285e-02,3.215169002473206722e-02,1.236603462489694986e-02,0.000000000000000000e+00
0.000000000000000000e+00,0.000000000000000000e+00,0.000000000000000000e+00,0.000000000000000000e+00,1.334222815210140030e-02,2.868579052701801177e-02,1.147431621080720471e-01,2.394929953302201431e-01,2.955303535690460559e-01,1.921280853902601615e-01,8.472314876584390031e-02,2.468312208138759289e-02,5.336891260840559946e-03,1.334222815210139986e-03,0.000000000000000000e+00,0.000000000000000000e+00,0.000000000000000000e+00,0.000000000000000000e+00,6.671114076050699932e-04,9.339559706470981423e-03,2.868579052701801177e-02,1.681120747164776552e-01,3.569046030687124671e-01,2.748498999332888437e-01,1.160773849232821925e-01,3.268845897264843064e-02,1.067378252168111989e-02,2.001334222815210305e-03,0.000000000000000000e+00,0.000000000000000000e+00,0.000000000000000000e+00,0.000000000000000000e+00,0.000000000000000000e+00,0.000000000000000000e+00,9.339559706470981423e-03,1.867911941294196285e-02,1.934623082054703069e-01,4.382921947965310316e-01,2.535023348899266282e-01,4.336224149432955227e-02,2.134756504336223978e-02,1.601067378252168244e-02,6.004002668445630048e-03,0.000000000000000000e+00,0.000000000000000000e+00,0.000000000000000000e+00,0.000000000000000000e+00,0.000000000000000000e+00,0.000000000000000000e+00,6.004002668445630048e-03,2.134756504336223978e-02,2.154769846564376368e-01,4.736490993995997600e-01,1.854569713142094622e-01,4.069379586390927533e-02,1.934623082054703208e-02,2.134756504336223978e-02,1.534356237491661147e-02,1.334222815210139986e-03,0.000000000000000000e+00,0.000000000000000000e+00,0.000000000000000000e+00,0.000000000000000000e+00,0.000000000000000000e+00,4.669779853235490712e-03,2.601734489659773136e-02,2.421614409606404339e-01,4.836557705136758090e-01,1.267511674449633141e-01,3.402268178785856911e-02,2.735156771180787330e-02,2.868579052701801177e-02,2.268178785857238172e-02,4.002668445630420610e-03,0.000000000000000000e+00,0.000000000000000000e+00,0.000000000000000000e+00,0.000000000000000000e+00,0.000000000000000000e+00,4.669779853235490712e-03,2.935290193462308100e-02,2.795196797865243665e-01,4.736490993995997600e-01,8.338892595063375490e-02,2.668445630420280060e-02,2.935290193462308100e-02,3.202134756504336488e-02,3.268845897264843064e-02,8.672448298865910454e-03,0.000000000000000000e+00
0.000000000000000000e+00,6.119951040391676325e-04,1.835985312117503114e-03,5.507955936352509560e-03,1.285189718482252115e-02,4.589963280293757331e-02,1.058751529987760065e-01,2.435740514075887264e-01,2.466340269277845776e-01,1.701346389228886036e-01,1.052631578947368363e-01,4.283965728274173601e-02,1.468788249694002492e-02,4.283965728274173428e-03,0.000000000000000000e+00,0.000000000000000000e+00,0.000000000000000000e+00,0.000000000000000000e+00,1.835985312117503114e-03,1.162790697674418589e-02,4.528763769889841001e-02,1.750305997552019655e-01,2.968176254589963148e-01,2.582619339045287843e-01,1.003671970624235021e-01,6.181150550795593696e-02,2.386780905752753854e-02,1.407588739290085642e-02,1.101591187270501912e-02,0.000000000000000000e+00,0.000000000000000000e+00,0.000000000000000000e+00,0.000000000000000000e+00,6.119951040391676325e-04,6.119951040391677193e-03,3.794369645042839495e-02,1.976744186046511531e-01,3.880048959608323189e-01,1.933904528763769892e-01,8.323133414932680496e-02,3.610771113831089119e-02,2.998776009791921660e-02,1.774785801713586395e-02,9.179926560587515355e-03,0.000000000000000000e+00,0.000000000000000000e+00,0.000000000000000000e+00,0.000000000000000000e+00,0.000000000000000000e+00,3.671970624235006229e-03,3.671970624235006142e-02,2.203182374541003685e-01,4.351285189718482327e-01,1.529987760097919203e-01,4.895960832313341754e-02,4.589963280293757331e-02,3.304773561811505389e-02,9.791921664626682120e-03,1.346389228886168965e-02,0.000000000000000000e+00,0.000000000000000000e+00,0.000000000000000000e+00,0.000000000000000000e+00,0.000000000000000000e+00,5.507955936352509560e-03,3.733170134638923165e-02,2.582619339045287843e-01,4.057527539779681724e-01,1.425948592411260818e-01,4.283965728274173601e-02,4.467564259485923978e-02,4.039167686658506895e-02,9.179926560587515355e-03,1.285189718482252115e-02,6.119951040391676325e-04,0.000000000000000000e+00,0.000000000000000000e+00,0.000000000000000000e+00,0.000000000000000000e+00,9.791921664626682120e-03,4.406364749082007648e-02,2.821297429620562847e-01,3.837209302325581550e-01,1.162790697674418589e-01,5.201958384332925484e-02,3.549571603427172789e-02,4.528763769889841001e-02,1.897184822521419748e-02,1.101591187270501912e-02,1.223990208078335265e-03
0.000000000000000000e+00,6.373486297004461211e-04,1.912045889101338363e-03,7.648183556405353453e-03,1.274697259400892242e-02,3.887826641172721642e-02,1.102613129381771889e-01,2.434671765455704295e-01,2.453792224346717787e-01,1.784576163161249174e-01,1.108986615678776294e-01,3.887826641172721642e-02,1.019757807520713794e-02,6.373486297004461211e-04,0.000000000000000000e+00,0.000000000000000000e+00,0.000000000000000000e+00,0.000000000000000000e+00,1.274697259400892242e-03,1.083492670490758363e-02,4.780114722753345952e-02,1.631612492033142070e-01,3.269598470363288545e-01,2.479286169534735407e-01,1.083492670490758397e-01,4.397705544933078192e-02,2.358189929891650605e-02,1.657106437221159828e-02,9.560229445506692250e-03,0.000000000000000000e+00,0.000000000000000000e+00,0.000000000000000000e+00,0.000000000000000000e+00,0.000000000000000000e+00,5.098789037603568969e-03,5.035054174633524227e-02,1.892925430210325166e-01,4.015296367112810572e-01,1.943913320586360682e-01,8.094327597195666302e-02,3.441682600382409141e-02,1.147227533460803105e-02,1.529636711281070691e-02,1.720841300191204570e-02,0.000000000000000000e+00,0.000000000000000000e+00,0.000000000000000000e+00,0.000000000000000000e+00,0.000000000000000000e+00,5.736137667304015524e-03,4.397705544933078192e-02,2.294455066921606001e-01,4.295729764181007160e-01,1.478648820905034966e-01,6.246016571064372247e-02,3.632887189292543367e-02,1.975780752071383192e-02,8.922880815806246563e-03,1.083492670490758363e-02,5.098789037603568969e-03,0.000000000000000000e+00,0.000000000000000000e+00,0.000000000000000000e+00,0.000000000000000000e+00,8.922880815806246563e-03,5.289993626513703195e-02,2.396430847673677589e-01,4.378585086042064978e-01,1.223709369024856553e-01,4.780114722753345952e-02,4.907584448693435436e-02,2.103250478011472330e-02,7.648183556405353453e-03,8.922880815806246563e-03,3.824091778202676727e-03,0.000000000000000000e+00,0.000000000000000000e+00,0.000000000000000000e+00,0.000000000000000000e+00,1.019757807520713794e-02,6.947100063734862330e-02,2.511153601019757708e-01,4.263862332695984581e-01,9.177820267686424838e-02,5.035054174633524227e-02,4.206500956022944659e-02,3.951561504142766384e-02,8.922880815806246563e-03,7.648183556405353453e-03,2.549394518801784484e-03
0.000000000000000000e+00,0.000000000000000000e+00,0.000000000000000000e+00,6.844626967830253145e-04,2.737850787132101258e-03,2.669404517453798781e-02,1.081451060917179990e-01,2.826830937713894487e-01,2.922655715263517973e-01,1.854893908281998738e-01,8.281998631074606598e-02,1.368925393566050586e-02,4.791238877481176876e-03,0.000000000000000000e+00,0.000000000000000000e+00,0.000000000000000000e+00,0.000000000000000000e+00,0.000000000000000000e+00,6.844626967830253145e-04,5.270362765229295171e-02,1.307323750855578504e-01,1.512662559890486091e-01,2.977412731006160440e-01,2.402464065708418972e-01,8.898015058179328807e-02,2.395619438740588525e-02,1.232032854209445631e-02,1.368925393566050629e-03,0.000000000000000000e+00,0.000000000000000000e+00,0.000000000000000000e+00,0.000000000000000000e+00,0.000000000000000000e+00,1.567419575633128004e-01,8.213552361396304208e-03,1.848049281314168360e-02,1.375770020533881033e-01,3.798767967145790792e-01,1.964407939767282563e-01,6.297056810403832416e-02,1.984941820670773488e-02,1.026694045174537939e-02,9.582477754962353753e-03,0.000000000000000000e+00,0.000000000000000000e+00,0.000000000000000000e+00,0.000000000000000000e+00,1.430527036276522945e-01,8.898015058179329848e-03,1.163586584531143067e-02,2.600958247775496390e-02,1.526351813826146431e-01,4.065708418891170184e-01,1.321013004791238843e-01,3.422313483915126464e-02,5.201916495550992781e-02,1.779603011635865970e-02,1.505817932922655714e-02,0.000000000000000000e+00,0.000000000000000000e+00,0.000000000000000000e+00,2.053388090349076052e-03,1.396303901437371542e-01,6.160164271047228156e-03,1.505817932922655714e-02,3.559206023271731939e-02,1.697467488021902893e-01,4.010951403148528271e-01,1.054072553045859034e-01,3.627652292950034330e-02,2.737850787132101171e-02,3.422313483915126464e-02,2.258726899383983744e-02,4.791238877481176876e-03,0.000000000000000000e+00,0.000000000000000000e+00,1.252566735112936314e-01,1.163586584531143067e-02,6.160164271047228156e-03,2.190280629705681006e-02,3.764544832306639111e-02,1.834360027378507951e-01,4.031485284052019336e-01,8.281998631074606598e-02,3.353867214236824074e-02,2.806297056810403909e-02,2.190280629705681006e-02,3.148528405201916208e-02,1.300479123887748195e-02,0.000000000000000000e+00
0.000000000000000000e+00,0.000000000000000000e+00,0.000000000000000000e+00,6.587615283267457458e-04,0.000000000000000000e+00,3.689064558629776003e-02,1.159420289855072478e-01,2.483530961791831360e-01,2.786561264822134398e-01,2.042160737812911686e-01,9.749670619235836777e-02,1.515151515151515194e-02,2.635046113306982983e-03,0.000000000000000000e+00,0.000000000000000000e+00,0.000000000000000000e+00,0.000000000000000000e+00,0.000000000000000000e+00,0.000000000000000000e+00,1.317523056653491492e-03,3.952569169960474388e-02,1.943346508563899844e-01,3.003952569169960340e-01,3.010540184453228130e-01,1.271409749670619205e-01,2.964426877470355617e-02,6.587615283267457024e-03,0.000000000000000000e+00,0.000000000000000000e+00,0.000000000000000000e+00,0.000000000000000000e+00,0.000000000000000000e+00,0.000000000000000000e+00,0.000000000000000000e+00,2.635046113306982983e-03,2.371541501976284425e-02,1.903820816864295051e-01,3.899868247694334711e-01,3.023715415019762598e-01,5.797101449275362389e-02,1.778656126482213579e-02,1.449275362318840597e-02,6.587615283267457458e-04,0.000000000000000000e+00,0.000000000000000000e+00,0.000000000000000000e+00,0.000000000000000000e+00,0.000000000000000000e+00,0.000000000000000000e+00,3.293807641633728512e-03,2.305665349143610002e-02,1.877470355731225282e-01,4.565217391304347561e-01,1.982872200263504636e-01,8.234519104084321584e-02,2.173913043478260809e-02,1.646903820816864386e-02,1.054018445322793193e-02,0.000000000000000000e+00,0.000000000000000000e+00,0.000000000000000000e+00,0.000000000000000000e+00,0.000000000000000000e+00,0.000000000000000000e+00,3.952569169960474041e-03,3.359683794466403195e-02,2.068511198945981455e-01,4.696969696969697239e-01,1.534914361001317451e-01,2.964426877470355617e-02,5.665349143610012850e-02,2.766798418972332002e-02,1.844532279314888001e-02,0.000000000000000000e+00,0.000000000000000000e+00,0.000000000000000000e+00,0.000000000000000000e+00,0.000000000000000000e+00,0.000000000000000000e+00,4.611330698287220003e-03,4.281949934123847196e-02,2.094861660079051502e-01,4.828722002635046362e-01,1.179183135704874874e-01,3.425559947299077618e-02,2.239789196310935579e-02,5.072463768115942351e-02,2.832674571805006425e-02,6.587615283267457024e-03,0.000000000000000000e+00
0.000000000000000000e+00,0.000000000000000000e+00,7.037297677691766286e-04,1.407459535538353257e-03,5.629838142153413029e-03,4.926108374384236682e-02,1.090781140042223762e-01,2.512315270935960854e-01,2.540464461646727568e-01,2.083040112596762916e-01,9.289232934553132148e-02,1.970443349753694603e-02,7.741027445460942590e-03,0.000000000000000000e+00,0.000000000000000000e+00,0.000000000000000000e+00,0.000000000000000000e+00,0.000000000000000000e+00,0.000000000000000000e+00,7.741027445460942590e-03,4.785362420830401031e-02,1.871921182266009787e-01,2.983814215341308862e-01,2.828993666432090270e-01,1.252638986629134310e-01,3.940886699507389207e-02,8.444757213230119977e-03,2.814919071076706514e-03,0.000000000000000000e+00,0.000000000000000000e+00,0.000000000000000000e+00,0.000000000000000000e+00,0.000000000000000000e+00,0.000000000000000000e+00,2.111189303307529994e-03,2.885292047853624253e-02,1.998592540464461664e-01,4.201266713581984780e-01,2.540464461646727568e-01,5.840957072484165985e-02,2.533427163969035820e-02,9.148486980999296497e-03,2.111189303307529994e-03,0.000000000000000000e+00,0.000000000000000000e+00,0.000000000000000000e+00,0.000000000000000000e+00,0.000000000000000000e+00,0.000000000000000000e+00,3.518648838845883035e-03,1.900070372976776778e-02,1.900070372976777056e-01,4.912033779028853187e-01,2.083040112596762916e-01,5.066854327938071639e-02,1.477832512315270866e-02,2.040816326530612082e-02,2.111189303307529994e-03,0.000000000000000000e+00,0.000000000000000000e+00,0.000000000000000000e+00,0.000000000000000000e+00,0.000000000000000000e+00,0.000000000000000000e+00,4.926108374384236509e-03,2.885292047853624253e-02,2.083040112596762916e-01,4.827586206896551935e-01,1.477832512315271074e-01,7.037297677691765896e-02,2.674173117522871124e-02,2.463054187192118341e-02,5.629838142153413029e-03,0.000000000000000000e+00,0.000000000000000000e+00,0.000000000000000000e+00,0.000000000000000000e+00,0.000000000000000000e+00,0.000000000000000000e+00,4.926108374384236509e-03,3.940886699507389207e-02,2.287121745249824090e-01,4.651653764954257753e-01,1.161154116819141519e-01,4.714989444053483553e-02,5.137227304714989118e-02,2.814919071076706428e-02,1.900070372976776778e-02,0.000000000000000000e+00,0.000000000000000000e+00
0.000000000000000000e+00,0.000000000000000000e+00,3.346720214190093690e-03,4.685408299866131339e-03,1.338688085676037476e-02,5.421686746987951916e-02,1.211512717536813860e-01,2.295850066934404243e-01,2.322623828647925048e-01,1.807228915662650592e-01,1.218206157965194131e-01,3.078982597054886333e-02,8.032128514056224161e-03,0.000000000000000000e+00,0.000000000000000000e+00,0.000000000000000000e+00,0.000000000000000000e+00,0.000000000000000000e+00,2.008032128514056040e-03,7.362784471218205770e-03,5.756358768406961285e-02,1.880856760374832737e-01,2.884872824631860566e-01,2.690763052208835493e-01,1.385542168674698815e-01,3.480589022757697715e-02,1.070950468540829946e-02,3.346720214190093690e-03,0.000000000000000000e+00,0.000000000000000000e+00,0.000000000000000000e+00,0.000000000000000000e+00,0.000000000000000000e+00,0.000000000000000000e+00,7.362784471218205770e-03,2.476572958500669261e-02,2.061579651941097824e-01,3.955823293172690547e-01,2.630522088353413612e-01,6.961178045515395429e-02,1.740294511378848857e-02,1.070950468540829946e-02,5.354752342704149730e-03,0.000000000000000000e+00,0.000000000000000000e+00,0.000000000000000000e+00,0.000000000000000000e+00,0.000000000000000000e+00,0.000000000000000000e+00,8.701472556894244287e-03,2.476572958500669261e-02,2.115127175368139156e-01,4.230254350736278313e-01,2.269076305220883438e-01,5.823293172690763297e-02,2.476572958500669261e-02,1.137884872824631785e-02,1.070950468540829946e-02,0.000000000000000000e+00,0.000000000000000000e+00,0.000000000000000000e+00,0.000000000000000000e+00,0.000000000000000000e+00,0.000000000000000000e+00,1.004016064257028107e-02,3.145917001338688346e-02,2.309236947791164785e-01,4.431057563587684212e-01,1.405622489959839350e-01,6.291834002677376692e-02,4.551539491298527140e-02,2.275769745649263570e-02,1.004016064257028107e-02,2.677376171352074865e-03,0.000000000000000000e+00,0.000000000000000000e+00,0.000000000000000000e+00,0.000000000000000000e+00,0.000000000000000000e+00,1.271753681392235637e-02,4.149933065595716453e-02,2.376171352074966658e-01,4.471218206157965280e-01,1.117804551539491320e-01,3.949129852744310415e-02,3.748326639892905071e-02,4.953145917001338522e-02,1.941097724230254201e-02,3.346720214190093690e-03,0.000000000000000000e+00
0.000000000000000000e+00,0.000000000000000000e+00,6.666666666666666444e-04,3.333333333333333547e-03,2.066666666666666652e-02,5.399999999999999939e-02,1.013333333333333308e-01,2.399999999999999911e-01,2.486666666666666747e-01,1.859999999999999987e-01,1.059999999999999970e-01,2.800000000000000058e-02,8.666666666666666269e-03,2.666666666666666578e-03,0.000000000000000000e+00,0.000000000000000000e+00,0.000000000000000000e+00,0.000000000000000000e+00,5.333333333333333155e-03,6.666666666666667095e-03,2.666666666666666838e-02,1.473333333333333439e-01,3.513333333333333308e-01,3.140000000000000013e-01,9.666666666666666463e-02,3.799999999999999906e-02,1.000000000000000021e-02,4.000000000000000083e-03,0.000000000000000000e+00,0.000000000000000000e+00,0.000000000000000000e+00,0.000000000000000000e+00,0.000000000000000000e+00,1.333333333333333289e-03,7.333333333333333197e-03,2.333333333333333440e-02,1.759999999999999898e-01,4.206666666666666887e-01,2.326666666666666605e-01,8.666666666666666963e-02,2.400000000000000050e-02,2.000000000000000042e-02,8.000000000000000167e-03,0.000000000000000000e+00,0.000000000000000000e+00,0.000000000000000000e+00,0.000000000000000000e+00,0.000000000000000000e+00,0.000000000000000000e+00,8.000000000000000167e-03,2.933333333333333279e-02,1.993333333333333346e-01,4.466666666666666563e-01,1.859999999999999987e-01,2.933333333333333279e-02,5.199999999999999761e-02,3.266666666666666330e-02,1.600000000000000033e-02,6.666666666666666444e-04,0.000000000000000000e+00,0.000000000000000000e+00,0.000000000000000000e+00,0.000000000000000000e+00,0.000000000000000000e+00,8.666666666666666269e-03,4.266666666666666524e-02,2.139999999999999958e-01,4.533333333333333104e-01,1.479999999999999927e-01,2.400000000000000050e-02,1.799999999999999864e-02,4.933333333333333320e-02,3.799999999999999906e-02,4.000000000000000083e-03,0.000000000000000000e+00,0.000000000000000000e+00,0.000000000000000000e+00,0.000000000000000000e+00,0.000000000000000000e+00,8.666666666666666269e-03,5.333333333333333676e-02,2.459999999999999964e-01,4.326666666666666439e-01,1.120000000000000023e-01,2.999999999999999889e-02,2.000000000000000042e-02,2.933333333333333279e-02,4.933333333333333320e-02,1.866666666666666821e-02,0.000000000000000000e+00
0.000000000000000000e+00,6.142506142506142354e-04,4.299754299754299756e-03,4.914004914004913883e-03,1.228501228501228427e-02,5.221130221130221294e-02,9.766584766584766875e-02,2.475429975429975504e-01,2.598280098280098538e-01,1.689189189189189144e-01,1.007371007371007376e-01,3.132678132678132915e-02,1.474201474201474252e-02,4.914004914004913883e-03,0.000000000000000000e+00,0.000000000000000000e+00,0.000000000000000000e+00,0.000000000000000000e+00,3.071253071253071069e-03,1.535626535626535664e-02,4.545454545454545581e-02,1.314496314496314544e-01,3.611793611793611691e-01,2.352579852579852471e-01,1.087223587223587196e-01,5.466830466830466945e-02,3.685503685503685456e-02,7.985257985257985386e-03,0.000000000000000000e+00,0.000000000000000000e+00,0.000000000000000000e+00,0.000000000000000000e+00,0.000000000000000000e+00,0.000000000000000000e+00,8.599508599508599513e-03,3.501228501228501044e-02,1.799754299754299791e-01,4.232186732186732359e-01,1.726044226044226026e-01,6.818181818181817677e-02,5.589680589680589423e-02,3.316953316953316633e-02,2.088452088452088379e-02,2.457002457002456942e-03,0.000000000000000000e+00,0.000000000000000000e+00,0.000000000000000000e+00,0.000000000000000000e+00,0.000000000000000000e+00,4.299754299754299756e-03,3.685503685503685456e-02,1.885749385749385665e-01,4.367321867321867224e-01,1.597051597051596938e-01,5.589680589680589423e-02,5.528255528255528184e-02,3.439803439803439805e-02,1.658476658476658316e-02,1.167076167076167015e-02,0.000000000000000000e+00,0.000000000000000000e+00,0.000000000000000000e+00,0.000000000000000000e+00,0.000000000000000000e+00,4.914004914004913883e-03,4.299754299754299930e-02,2.100737100737100627e-01,3.968058968058967850e-01,1.609336609336609325e-01,6.879606879606879610e-02,4.115479115479115518e-02,3.624078624078624217e-02,2.579852579852579680e-02,1.228501228501228427e-02,0.000000000000000000e+00,0.000000000000000000e+00,0.000000000000000000e+00,0.000000000000000000e+00,0.000000000000000000e+00,9.828009828009827767e-03,6.081081081081081419e-02,2.192874692874692832e-01,3.685503685503685456e-01,1.019656019656019624e-01,1.111793611793611830e-01,4.422604422604422408e-02,4.361179361179361169e-02,3.009828009828009743e-02,1.044226044226044189e-02,0.000000000000000000e+00
0.000000000000000000e+00,0.000000000000000000e+00,3.067484662576687188e-03,3.067484662576687188e-03,4.089979550102249874e-03,1.329243353783231101e-02,3.885480572597137250e-02,2.985685071574641913e-01,4.580777096114519442e-01,1.380368098159509282e-01,3.680981595092024800e-02,4.089979550102249874e-03,2.044989775051124937e-03,0.000000000000000000e+00,0.000000000000000000e+00,0.000000000000000000e+00,0.000000000000000000e+00,7.157464212678936628e-03,7.157464212678936628e-03,1.022494887525562425e-02,1.635991820040899949e-02,5.521472392638036852e-02,5.388548057259713309e-01,3.292433537832311075e-01,2.965235173824130877e-02,5.112474437627812125e-03,1.022494887525562468e-03,0.000000000000000000e+00,0.000000000000000000e+00,0.000000000000000000e+00,0.000000000000000000e+00,2.044989775051124937e-03,8.179959100204499747e-03,8.179959100204499747e-03,1.226993865030674875e-02,2.658486707566462201e-02,6.134969325153374203e-02,6.472392638036810197e-01,2.177914110429447769e-01,1.329243353783231101e-02,3.067484662576687188e-03,0.000000000000000000e+00,0.000000000000000000e+00,0.000000000000000000e+00,0.000000000000000000e+00,0.000000000000000000e+00,1.022494887525562468e-03,9.202453987730061999e-03,1.124744376278118650e-02,1.431492842535787326e-02,3.374233128834355777e-02,7.770961145194274500e-02,6.738241308793455620e-01,1.646216768916155537e-01,1.329243353783231101e-02,1.022494887525562468e-03,0.000000000000000000e+00,0.000000000000000000e+00,0.000000000000000000e+00,0.000000000000000000e+00,0.000000000000000000e+00,0.000000000000000000e+00,1.124744376278118650e-02,1.329243353783231101e-02,2.351738241308793526e-02,4.396728016359918029e-02,8.179959100204499400e-02,6.697341513292432991e-01,1.472392638036809920e-01,8.179959100204499747e-03,1.022494887525562468e-03,0.000000000000000000e+00,0.000000000000000000e+00,0.000000000000000000e+00,0.000000000000000000e+00,0.000000000000000000e+00,0.000000000000000000e+00,1.226993865030674875e-02,1.533742331288343551e-02,3.476482617586912349e-02,4.498977505112474601e-02,9.611451942740285859e-02,6.380368098159509005e-01,1.503067484662576614e-01,8.179959100204499747e-03,0.000000000000000000e+00,0.000000000000000000e+00,0.000000000000000000e+00,0.000000000000000000e+00,0.000000000000000000e+00
0.000000000000000000e+00,0.000000000000000000e+00,0.000000000000000000e+00,1.085776330076004392e-03,1.085776330076004392e-03,9.771986970684038223e-03,3.583061889250814536e-02,3.224755700325732666e-01,4.538545059717697949e-01,1.444082519001085863e-01,2.823018458197611158e-02,3.257328990228013175e-03,0.000000000000000000e+00,0.000000000000000000e+00,0.000000000000000000e+00,0.000000000000000000e+00,0.000000000000000000e+00,0.000000000000000000e+00,0.000000000000000000e+00,4.343105320304017566e-03,2.062975027144408127e-02,5.863192182410423281e-02,5.287730727470141279e-01,3.572204125950054210e-01,2.931596091205211640e-02,1.085776330076004392e-03,0.000000000000000000e+00,0.000000000000000000e+00,0.000000000000000000e+00,0.000000000000000000e+00,0.000000000000000000e+00,0.000000000000000000e+00,0.000000000000000000e+00,0.000000000000000000e+00,1.954397394136807645e-02,2.714440825190011022e-02,5.971769815418023764e-02,6.384364820846905042e-01,2.356134636264929361e-01,1.954397394136807645e-02,0.000000000000000000e+00,0.000000000000000000e+00,0.000000000000000000e+00,0.000000000000000000e+00,0.000000000000000000e+00,0.000000000000000000e+00,0.000000000000000000e+00,0.000000000000000000e+00,5.428881650380021524e-03,2.931596091205211640e-02,2.823018458197611158e-02,6.623235613463626659e-02,6.688382193268186393e-01,1.932681867535287756e-01,8.686210640608035133e-03,0.000000000000000000e+00,0.000000000000000000e+00,0.000000000000000000e+00,0.000000000000000000e+00,0.000000000000000000e+00,0.000000000000000000e+00,0.000000000000000000e+00,0.000000000000000000e+00,1.737242128121607027e-02,3.257328990228013088e-02,2.714440825190011022e-02,9.229098805646036852e-02,6.482084690553745476e-01,1.737242128121606888e-01,8.686210640608035133e-03,0.000000000000000000e+00,0.000000000000000000e+00,0.000000000000000000e+00,0.000000000000000000e+00,0.000000000000000000e+00,0.000000000000000000e+00,0.000000000000000000e+00,0.000000000000000000e+00,2.714440825190011022e-02,3.365906623235613571e-02,3.257328990228013088e-02,1.216069489685124849e-01,6.123778501628664994e-01,1.617806731813246357e-01,1.085776330076004305e-02,0.000000000000000000e+00,0.000000000000000000e+00,0.000000000000000000e+00,0.000000000000000000e+00,0.000000000000000000e+00
0.000000000000000000e+00,0.000000000000000000e+00,0.000000000000000000e+00,0.000000000000000000e+00,0.000000000000000000e+00,3.131524008350730810e-03,2.296450939457202536e-02,3.371607515657620291e-01,4.759916492693110901e-01,1.492693110647181631e-01,1.148225469728601268e-02,0.000000000000000000e+00,0.000000000000000000e+00,0.000000000000000000e+00,0.000000000000000000e+00,0.000000000000000000e+00,0.000000000000000000e+00,0.000000000000000000e+00,0.000000000000000000e+00,7.306889352818371312e-03,1.774530271398747430e-02,2.713987473903966760e-02,5.678496868475991777e-01,3.549060542797494722e-01,2.505219206680584648e-02,0.000000000000000000e+00,0.000000000000000000e+00,0.000000000000000000e+00,0.000000000000000000e+00,0.000000000000000000e+00,0.000000000000000000e+00,0.000000000000000000e+00,0.000000000000000000e+00,2.087682672233820251e-03,2.296450939457202536e-02,2.087682672233820425e-02,3.653444676409185743e-02,6.805845511482254695e-01,2.212943632567849761e-01,1.565762004175365318e-02,0.000000000000000000e+00,0.000000000000000000e+00,0.000000000000000000e+00,0.000000000000000000e+00,0.000000000000000000e+00,0.000000000000000000e+00,0.000000000000000000e+00,0.000000000000000000e+00,1.252609603340292324e-02,2.609603340292275531e-02,2.296450939457202536e-02,6.054279749478079509e-02,6.920668058455115013e-01,1.670146137787056340e-01,1.878914405010438313e-02,0.000000000000000000e+00,0.000000000000000000e+00,0.000000000000000000e+00,0.000000000000000000e+00,0.000000000000000000e+00,0.000000000000000000e+00,0.000000000000000000e+00,0.000000000000000000e+00,2.192066805845511654e-02,2.818371607515657642e-02,3.235908141962421519e-02,7.724425887265135016e-02,6.795407098121085676e-01,1.388308977035490610e-01,2.192066805845511654e-02,0.000000000000000000e+00,0.000000000000000000e+00,0.000000000000000000e+00,0.000000000000000000e+00,0.000000000000000000e+00,0.000000000000000000e+00,0.000000000000000000e+00,0.000000000000000000e+00,2.922755741127348525e-02,3.653444676409185743e-02,3.235908141962421519e-02,1.085594989561586704e-01,6.346555323590814535e-01,1.315240083507306923e-01,2.713987473903966760e-02,0.000000000000000000e+00,0.000000000000000000e+00,0.000000000000000000e+00,0.000000000000000000e+00,0.000000000000000000e+00
0.000000000000000000e+00,0.000000000000000000e+00,0.000000000000000000e+00,0.000000000000000000e+00,0.000000000000000000e+00,3.080082135523614078e-03,3.901437371663244585e-02,3.213552361396304069e-01,4.589322381930184824e-01,1.488706365503080220e-01,2.361396303901437330e-02,5.133470225872689696e-03,0.000000000000000000e+00,0.000000000000000000e+00,0.000000000000000000e+00,0.000000000000000000e+00,0.000000000000000000e+00,0.000000000000000000e+00,0.000000000000000000e+00,1.026694045174538026e-03,2.156057494866529811e-02,5.030800821355236457e-02,5.503080082135524131e-01,3.316221765913757724e-01,3.388090349075975616e-02,1.129363449691991872e-02,0.000000000000000000e+00,0.000000000000000000e+00,0.000000000000000000e+00,0.000000000000000000e+00,0.000000000000000000e+00,0.000000000000000000e+00,0.000000000000000000e+00,0.000000000000000000e+00,1.745379876796714427e-02,2.772073921971252713e-02,4.928131416837782525e-02,6.560574948665297557e-01,2.186858316221765852e-01,2.669404517453798781e-02,4.106776180698152104e-03,0.000000000000000000e+00,0.000000000000000000e+00,0.000000000000000000e+00,0.000000000000000000e+00,0.000000000000000000e+00,0.000000000000000000e+00,0.000000000000000000e+00,0.000000000000000000e+00,3.593429158110882787e-02,2.464065708418891262e-02,7.802874743326489171e-02,6.540041067761807048e-01,1.745379876796714635e-01,2.874743326488706299e-02,4.106776180698152104e-03,0.000000000000000000e+00,0.000000000000000000e+00,0.000000000000000000e+00,0.000000000000000000e+00,0.000000000000000000e+00,0.000000000000000000e+00,0.000000000000000000e+00,1.334702258726899390e-02,3.490759753593428855e-02,2.977412731006160232e-02,1.006160164271047291e-01,6.262833675564681846e-01,1.570841889117043089e-01,3.388090349075975616e-02,4.106776180698152104e-03,0.000000000000000000e+00,0.000000000000000000e+00,0.000000000000000000e+00,0.000000000000000000e+00,0.000000000000000000e+00,0.000000000000000000e+00,0.000000000000000000e+00,2.361396303901437330e-02,3.798767967145790653e-02,3.490759753593428855e-02,1.355236139630390246e-01,5.821355236139630351e-01,1.427104722792607860e-01,4.312114989733059622e-02,0.000000000000000000e+00,0.000000000000000000e+00,0.000000000000000000e+00,0.000000000000000000e+00,0.000000000000000000e+00
0.000000000000000000e+00,0.000000000000000000e+00,0.000000000000000000e+00,0.000000000000000000e+00,0.000000000000000000e+00,7.231404958677686151e-03,3.615702479338842729e-02,3.068181818181818232e-01,4.824380165289255951e-01,1.404958677685950452e-01,2.376033057851239735e-02,3.099173553719008350e-03,0.000000000000000000e+00,0.000000000000000000e+00,0.000000000000000000e+00,0.000000000000000000e+00,0.000000000000000000e+00,0.000000000000000000e+00,0.000000000000000000e+00,6.198347107438016701e-03,1.859504132231405010e-02,4.545454545454545581e-02,5.361570247933884481e-01,3.533057851239669311e-01,4.028925619834710509e-02,0.000000000000000000e+00,0.000000000000000000e+00,0.000000000000000000e+00,0.000000000000000000e+00,0.000000000000000000e+00,0.000000000000000000e+00,0.000000000000000000e+00,0.000000000000000000e+00,1.033057851239669450e-03,2.272727272727272790e-02,2.479338842975206680e-02,3.305785123966942241e-02,6.683884297520661377e-01,2.324380165289256228e-01,1.756198347107438065e-02,0.000000000000000000e+00,0.000000000000000000e+00,0.000000000000000000e+00,0.000000000000000000e+00,0.000000000000000000e+00,0.000000000000000000e+00,0.000000000000000000e+00,0.000000000000000000e+00,9.297520661157025051e-03,2.789256198347107515e-02,2.479338842975206680e-02,4.545454545454545581e-02,6.849173553719007934e-01,1.869834710743801531e-01,2.066115702479338900e-02,0.000000000000000000e+00,0.000000000000000000e+00,0.000000000000000000e+00,0.000000000000000000e+00,0.000000000000000000e+00,0.000000000000000000e+00,0.000000000000000000e+00,0.000000000000000000e+00,1.962809917355371955e-02,3.099173553719008350e-02,2.789256198347107515e-02,7.747933884297521223e-02,6.456611570247934306e-01,1.787190082644627975e-01,1.962809917355371955e-02,0.000000000000000000e+00,0.000000000000000000e+00,0.000000000000000000e+00,0.000000000000000000e+00,0.000000000000000000e+00,0.000000000000000000e+00,0.000000000000000000e+00,0.000000000000000000e+00,2.789256198347107515e-02,3.615702479338842729e-02,3.202479338842974949e-02,1.157024793388429784e-01,6.064049586776859568e-01,1.590909090909090884e-01,2.272727272727272790e-02,0.000000000000000000e+00,0.000000000000000000e+00,0.000000000000000000e+00,0.000000000000000000e+00,0.000000000000000000e+00
0.000000000000000000e+00,0.000000000000000000e+00,0.000000000000000000e+00,0.000000000000000000e+00,0.000000000000000000e+00,3.184713375796178504e-03,2.760084925690021312e-02,3.333333333333333148e-01,4.745222929936305789e-01,1.443736730360934140e-01,1.698513800424628420e-02,0.000000000000000000e+00,0.000000000000000000e+00,0.000000000000000000e+00,0.000000000000000000e+00,0.000000000000000000e+00,0.000000000000000000e+00,0.000000000000000000e+00,0.000000000000000000e+00,6.369426751592357008e-03,1.910828025477706929e-02,2.866242038216560567e-02,5.700636942675159080e-01,3.513800424628449881e-01,2.441613588110403549e-02,0.000000000000000000e+00,0.000000000000000000e+00,0.000000000000000000e+00,0.000000000000000000e+00,0.000000000000000000e+00,0.000000000000000000e+00,0.000000000000000000e+00,0.000000000000000000e+00,2.123142250530785525e-03,2.123142250530785438e-02,2.229299363057324693e-02,3.290870488322717585e-02,6.772823779193205551e-01,2.324840764331210230e-01,1.167728237791931974e-02,0.000000000000000000e+00,0.000000000000000000e+00,0.000000000000000000e+00,0.000000000000000000e+00,0.000000000000000000e+00,0.000000000000000000e+00,0.000000000000000000e+00,0.000000000000000000e+00,1.273885350318471402e-02,2.441613588110403549e-02,2.441613588110403549e-02,4.246284501061570876e-02,7.006369426751591911e-01,1.857749469214437232e-01,9.554140127388534645e-03,0.000000000000000000e+00,0.000000000000000000e+00,0.000000000000000000e+00,0.000000000000000000e+00,0.000000000000000000e+00,0.000000000000000000e+00,0.000000000000000000e+00,0.000000000000000000e+00,2.123142250530785438e-02,2.972399150743099822e-02,2.760084925690021312e-02,7.324840764331209952e-02,6.634819532908704520e-01,1.751592356687897978e-01,9.554140127388534645e-03,0.000000000000000000e+00,0.000000000000000000e+00,0.000000000000000000e+00,0.000000000000000000e+00,0.000000000000000000e+00,0.000000000000000000e+00,0.000000000000000000e+00,0.000000000000000000e+00,2.760084925690021312e-02,3.397027600849256840e-02,3.397027600849256840e-02,1.093418259023354600e-01,6.188959660297239651e-01,1.656050955414012649e-01,1.061571125265392719e-02,0.000000000000000000e+00,0.000000000000000000e+00,0.000000000000000000e+00,0.000000000000000000e+00,0.000000000000000000e+00
0.000000000000000000e+00,0.000000000000000000e+00,1.862197392923649894e-03,2.793296089385474950e-03,6.517690875232774739e-03,1.396648044692737345e-02,4.655493482309124714e-02,3.100558659217876878e-01,4.087523277467411398e-01,1.545623836126629458e-01,4.189944134078212035e-02,1.117318435754189980e-02,1.862197392923649894e-03,0.000000000000000000e+00,0.000000000000000000e+00,0.000000000000000000e+00,0.000000000000000000e+00,0.000000000000000000e+00,9.310986964618249472e-04,1.396648044692737345e-02,2.513966480446927498e-02,7.635009310986964892e-02,5.046554934823090921e-01,3.119180633147113357e-01,5.772811918063314868e-02,9.310986964618250122e-03,0.000000000000000000e+00,0.000000000000000000e+00,0.000000000000000000e+00,0.000000000000000000e+00,0.000000000000000000e+00,0.000000000000000000e+00,0.000000000000000000e+00,4.655493482309125061e-03,2.048417132216014819e-02,3.631284916201117652e-02,7.262569832402235304e-02,5.782122905027933246e-01,2.495344506517690741e-01,3.631284916201117652e-02,1.862197392923649894e-03,0.000000000000000000e+00,0.000000000000000000e+00,0.000000000000000000e+00,0.000000000000000000e+00,0.000000000000000000e+00,0.000000000000000000e+00,0.000000000000000000e+00,7.448789571694599577e-03,2.700186219739292293e-02,4.003724394785847240e-02,8.379888268156424069e-02,5.893854748603352123e-01,2.271880819366852988e-01,2.327746741154562357e-02,1.862197392923649894e-03,0.000000000000000000e+00,0.000000000000000000e+00,0.000000000000000000e+00,0.000000000000000000e+00,0.000000000000000000e+00,0.000000000000000000e+00,0.000000000000000000e+00,1.024208566108007409e-02,3.445065176908752164e-02,3.817504655493482446e-02,9.404096834264431826e-02,6.005586592178770999e-01,1.955307262569832283e-01,2.513966480446927498e-02,1.862197392923649894e-03,0.000000000000000000e+00,0.000000000000000000e+00,0.000000000000000000e+00,0.000000000000000000e+00,0.000000000000000000e+00,0.000000000000000000e+00,0.000000000000000000e+00,2.141527001862197563e-02,3.538175046554934561e-02,3.724394785847300049e-02,1.238361266294227131e-01,5.800744878957169171e-01,1.769087523277467489e-01,2.513966480446927498e-02,0.000000000000000000e+00,0.000000000000000000e+00,0.000000000000000000e+00,0.000000000000000000e+00,0.000000000000000000e+00
0.000000000000000000e+00,0.000000000000000000e+00,1.811594202898550747e-03,6.340579710144927938e-03,8.152173913043478035e-03,3.079710144927536378e-02,5.072463768115942351e-02,2.889492753623188470e-01,3.786231884057971175e-01,1.349637681159420177e-01,5.887681159420289634e-02,2.445652173913043584e-02,1.539855072463768189e-02,9.057971014492753733e-04,0.000000000000000000e+00,0.000000000000000000e+00,0.000000000000000000e+00,6.340579710144927938e-03,1.449275362318840597e-02,1.358695652173913006e-02,2.898550724637681195e-02,6.159420289855072755e-02,4.891304347826087029e-01,2.726449275362318736e-01,6.250000000000000000e-02,2.173913043478260809e-02,1.630434782608695607e-02,1.086956521739130405e-02,1.811594202898550747e-03,0.000000000000000000e+00,0.000000000000000000e+00,0.000000000000000000e+00,4.528985507246376975e-03,1.358695652173913006e-02,2.445652173913043584e-02,3.894927536231884008e-02,7.065217391304347283e-02,5.887681159420289356e-01,1.612318840579710089e-01,4.528985507246376802e-02,3.894927536231884008e-02,9.963768115942028131e-03,3.623188405797101493e-03,0.000000000000000000e+00,0.000000000000000000e+00,0.000000000000000000e+00,0.000000000000000000e+00,6.340579710144927938e-03,6.340579710144927938e-03,2.989130434782608786e-02,5.706521739130434451e-02,8.423913043478260809e-02,5.969202898550725056e-01,1.286231884057970898e-01,4.800724637681159229e-02,3.170289855072463969e-02,1.086956521739130405e-02,0.000000000000000000e+00,0.000000000000000000e+00,0.000000000000000000e+00,0.000000000000000000e+00,0.000000000000000000e+00,6.340579710144927938e-03,8.152173913043478035e-03,2.898550724637681195e-02,5.797101449275362389e-02,1.268115942028985588e-01,5.525362318840579823e-01,1.313405797101449279e-01,5.072463768115942351e-02,2.536231884057971175e-02,1.177536231884057996e-02,0.000000000000000000e+00,0.000000000000000000e+00,0.000000000000000000e+00,0.000000000000000000e+00,0.000000000000000000e+00,6.340579710144927938e-03,1.449275362318840597e-02,2.807971014492753603e-02,5.887681159420289634e-02,1.684782608695652162e-01,5.144927536231883591e-01,1.231884057971014551e-01,5.434782608695652023e-02,2.355072463768115992e-02,8.152173913043478035e-03,0.000000000000000000e+00,0.000000000000000000e+00,0.000000000000000000e+00
0.000000000000000000e+00,1.092896174863387977e-03,0.000000000000000000e+00,2.185792349726775954e-03,3.278688524590163932e-03,2.076502732240437243e-02,6.338797814207650094e-02,2.928961748633879814e-01,4.120218579234972700e-01,1.311475409836065642e-01,6.120218579234972672e-02,9.836065573770492662e-03,2.185792349726775954e-03,0.000000000000000000e+00,0.000000000000000000e+00,0.000000000000000000e+00,0.000000000000000000e+00,0.000000000000000000e+00,0.000000000000000000e+00,4.371584699453551909e-03,1.857923497267759474e-02,8.196721311475409222e-02,5.300546448087432028e-01,2.961748633879781600e-01,5.355191256830601348e-02,1.311475409836065573e-02,2.185792349726775954e-03,0.000000000000000000e+00,0.000000000000000000e+00,0.000000000000000000e+00,0.000000000000000000e+00,0.000000000000000000e+00,0.000000000000000000e+00,0.000000000000000000e+00,8.743169398907103818e-03,2.295081967213114665e-02,1.005464480874316974e-01,6.415300546448087227e-01,1.803278688524590223e-01,3.715846994535518949e-02,8.743169398907103818e-03,0.000000000000000000e+00,0.000000000000000000e+00,0.000000000000000000e+00,0.000000000000000000e+00,0.000000000000000000e+00,0.000000000000000000e+00,0.000000000000000000e+00,1.092896174863387977e-03,1.202185792349726862e-02,3.825136612021858007e-02,1.147540983606557402e-01,6.557377049180327377e-01,1.344262295081967151e-01,3.497267759562841527e-02,8.743169398907103818e-03,0.000000000000000000e+00,0.000000000000000000e+00,0.000000000000000000e+00,0.000000000000000000e+00,0.000000000000000000e+00,0.000000000000000000e+00,0.000000000000000000e+00,2.185792349726775954e-03,1.748633879781420764e-02,4.699453551912568389e-02,1.344262295081967151e-01,6.316939890710382421e-01,1.300546448087431806e-01,3.060109289617486336e-02,6.557377049180327863e-03,0.000000000000000000e+00,0.000000000000000000e+00,0.000000000000000000e+00,0.000000000000000000e+00,0.000000000000000000e+00,0.000000000000000000e+00,0.000000000000000000e+00,3.278688524590163932e-03,2.076502732240437243e-02,5.355191256830601348e-02,1.562841530054644712e-01,6.120218579234972811e-01,1.169398907103825075e-01,3.278688524590164105e-02,4.371584699453551909e-03,0.000000000000000000e+00,0.000000000000000000e+00,0.000000000000000000e+00,0.000000000000000000e+00
0.000000000000000000e+00,9.699321047526673250e-04,9.699321047526673250e-04,1.939864209505334650e-03,3.879728419010669300e-03,3.006789524733268631e-02,8.535402521823472199e-02,2.735208535402521846e-01,3.307468477206595425e-01,1.794374393792434463e-01,8.147429679922404966e-02,9.699321047526673900e-03,1.939864209505334650e-03,0.000000000000000000e+00,0.000000000000000000e+00,0.000000000000000000e+00,0.000000000000000000e+00,9.699321047526673250e-04,3.879728419010669300e-03,4.849660523763336950e-03,1.648884578079534355e-02,1.173617846750727445e-01,4.461687681862269717e-01,3.346265761396702287e-01,6.207565470417070880e-02,7.759456838021338600e-03,5.819592628516004167e-03,0.000000000000000000e+00,0.000000000000000000e+00,0.000000000000000000e+00,0.000000000000000000e+00,0.000000000000000000e+00,9.699321047526673250e-04,4.849660523763336950e-03,1.066925315227934025e-02,2.327837051406401667e-02,1.231813773035887460e-01,5.421920465567410252e-01,2.521823472356934936e-01,3.297769156159068710e-02,9.699321047526673900e-03,0.000000000000000000e+00,0.000000000000000000e+00,0.000000000000000000e+00,0.000000000000000000e+00,0.000000000000000000e+00,0.000000000000000000e+00,9.699321047526673250e-04,7.759456838021338600e-03,1.745877788554801163e-02,2.618816682832201745e-02,1.212415130940834168e-01,6.100872938894277286e-01,1.823472356935014471e-01,3.006789524733268631e-02,3.879728419010669300e-03,0.000000000000000000e+00,0.000000000000000000e+00,0.000000000000000000e+00,0.000000000000000000e+00,0.000000000000000000e+00,0.000000000000000000e+00,9.699321047526673250e-04,8.729388942774005816e-03,2.424830261881668128e-02,3.685741998060135943e-02,1.357904946653734346e-01,6.100872938894277286e-01,1.532492725509214393e-01,3.006789524733268631e-02,0.000000000000000000e+00,0.000000000000000000e+00,0.000000000000000000e+00,0.000000000000000000e+00,0.000000000000000000e+00,0.000000000000000000e+00,0.000000000000000000e+00,9.699321047526673250e-04,1.066925315227934025e-02,3.006789524733268631e-02,4.170708050436469638e-02,1.610087293889427840e-01,6.032977691561590694e-01,1.222114451988360884e-01,3.006789524733268631e-02,0.000000000000000000e+00,0.000000000000000000e+00,0.000000000000000000e+00,0.000000000000000000e+00,0.000000000000000000e+00
